metric,value
deposit,1600000.0
netProfit,347427.0
netPct,21.7141875
profitFactor,1.0651053710567837
trades,1686
maxDDpct,14.100858744295719
expectancy,206.0658362989319
nYears,11
posYears,6
posFrac,0.5454545454545454
worstYearPct,-5.05725
score,-17.428506471568447
YEARS,
2016,200797.0
2017,-59405.0
2018,-33245.0
2019,52735.0
2020,-27045.0
2021,49354.0
2022,144393.0
2023,2204.0
2024,167796.0
2025,-80916.0
2026,-538.0
