metric,value
deposit,1600000.0
netProfit,334223.0
netPct,20.888937499999997
profitFactor,1.0702398688273502
trades,1704
maxDDpct,8.197509894244492
expectancy,196.14025821596255
nYears,11
posYears,7
posFrac,0.6363636363636364
worstYearPct,-2.1243749999999997
score,-1.2776746669717651
YEARS,
2016,57087.0
2017,29852.0
2018,-10656.0
2019,85643.0
2020,20427.0
2021,26124.0
2022,132090.0
2023,-7614.0
2024,137595.0
2025,-33990.0
2026,-32982.0
