metric,value
deposit,1600000.0
netProfit,365199.0
netPct,22.8249375
profitFactor,1.0597297629709783
trades,1685
maxDDpct,16.021435001729895
expectancy,216.7353115727001
nYears,11
posYears,7
posFrac,0.6363636363636364
worstYearPct,-9.61225
score,-30.333224774457165
YEARS,
2016,169551.0
2017,-10597.0
2018,-26332.0
2019,72410.0
2020,12415.0
2021,41315.0
2022,162682.0
2023,57709.0
2024,141366.0
2025,-153796.0
2026,-32907.0
