metric,value
deposit,1600000.0
netProfit,730490.0
netPct,45.655625
profitFactor,1.2219617187516616
trades,1190
maxDDpct,10.291553595956879
expectancy,613.8571428571429
nYears,11
posYears,9
posFrac,0.8181818181818182
worstYearPct,-0.9511875
score,24.209486176770397
YEARS,
2016,43514.0
2017,7991.0
2018,43595.0
2019,107344.0
2020,-15219.0
2021,41468.0
2022,196438.0
2023,81883.0
2024,203522.0
2025,72239.0
2026,-3729.0
